0,0,1,0,0,0,0,0,1,0,0,0,87,0
1,0,0,0,0,0,0,0,0,0,1,0,104,0
1,0,0,0,0,0,0,1,0,0,0,0,101,0
0,1,0,0,0,0,0,0,0,0,0,1,114,0
1,0,0,0,0,0,0,1,0,0,0,0,101,0
0,0,0,0,0,0,0,0,0,0,0,0,32,0
1,0,0,1,0,0,0,0,0,0,0,0,97,0
0,1,0,0,0,0,1,0,0,0,0,0,109,0
0,0,0,0,0,0,0,0,0,0,0,0,32,0
1,0,0,0,0,0,0,0,0,0,0,1,73,0
0,0,1,0,0,0,0,0,0,1,1,0,63,0
0,0,0,0,0,0,0,0,0,0,0,0,0,0
0,0,0,0,0,0,0,0,0,0,0,0,0,0
0,0,0,0,0,0,0,0,0,0,0,0,0,0
0,0,0,0,0,0,0,0,0,0,0,0,0,0
0,0,0,0,0,0,0,0,0,0,0,0,0,0
0,0,0,0,0,0,0,0,0,0,0,0,0,0
0,0,0,0,0,0,0,0,0,0,0,0,0,0
0,0,0,0,0,0,0,0,0,0,0,0,0,0
0,0,0,0,0,0,0,0,0,0,0,0,0,0
0,0,0,0,0,0,0,0,0,0,0,0,0,0
0,0,0,0,0,0,0,0,0,0,0,0,0,0
0,0,0,0,0,0,0,0,0,0,0,0,0,0
0,0,0,0,0,0,0,0,0,0,0,0,0,0
0,0,0,0,0,0,0,0,0,0,0,0,0,0
0,0,0,0,0,0,0,0,0,0,0,0,0,0
0,0,0,0,0,0,0,0,0,0,0,0,0,0
0,0,0,0,0,0,0,0,0,0,0,0,0,0
0,0,0,0,0,0,0,0,0,0,0,0,0,0
0,0,0,0,0,0,0,0,0,0,0,0,0,0
0,0,0,0,0,0,0,0,0,0,0,0,0,0
0,0,0,0,0,0,0,0,0,0,0,0,0,0
0,0,0,0,0,0,0,0,0,0,0,0,0,0
0,0,0,0,0,0,0,0,0,0,0,0,0,0
0,0,0,0,0,0,0,0,0,0,0,0,0,0
0,0,0,0,0,0,0,0,0,0,0,0,0,0
0,0,0,0,0,0,0,0,0,0,0,0,0,0
0,0,0,0,0,0,0,0,0,0,0,0,0,0
0,0,0,0,0,0,0,0,0,0,0,0,0,0
0,0,0,0,0,0,0,0,0,0,0,0,0,0
0,0,0,0,0,0,0,0,0,0,0,0,0,0
0,0,0,0,0,0,0,0,0,0,0,0,0,0
0,0,0,0,0,0,0,0,0,0,0,0,0,0
0,0,0,0,0,0,0,0,0,0,0,0,0,0
0,0,0,0,0,0,0,0,0,0,0,0,0,0
0,0,0,0,0,0,0,0,0,0,0,0,0,0
0,0,0,0,0,0,0,0,0,0,0,0,0,0
0,0,0,0,0,0,0,0,0,0,0,0,0,0
0,0,0,0,0,0,0,0,0,0,0,0,0,0
0,0,0,0,0,0,0,0,0,0,0,0,0,0
0,0,0,0,0,0,0,0,0,0,0,0,0,0
0,0,0,0,0,0,0,0,0,0,0,0,0,0
0,0,0,0,0,0,0,0,0,0,0,0,0,0
0,0,0,0,0,0,0,0,0,0,0,0,0,0
0,0,0,0,0,0,0,0,0,0,0,0,0,0
0,0,0,0,0,0,0,0,0,0,0,0,0,0
0,0,0,0,0,0,0,0,0,0,0,0,0,0
0,0,0,0,0,0,0,0,0,0,0,0,0,0
0,0,0,0,0,0,0,0,0,0,0,0,0,0
0,0,0,0,0,0,0,0,0,0,0,0,0,0
0,0,0,0,0,0,0,0,0,0,0,0,0,0
0,0,0,0,0,0,0,0,0,0,0,0,0,0
0,0,0,0,0,0,0,0,0,0,0,0,0,0
0,0,0,0,0,0,0,0,0,0,0,0,0,0
0,0,0,0,0,0,0,0,0,0,0,0,0,0
0,0,0,0,0,0,0,0,0,0,0,0,0,0
0,0,0,0,0,0,0,0,0,0,0,0,0,0
0,0,0,0,0,0,0,0,0,0,0,0,0,0
0,0,0,0,0,0,0,0,0,0,0,0,0,0
0,0,0,0,0,0,0,0,0,0,0,0,0,0
0,0,0,0,0,0,0,0,0,0,0,0,0,0
0,0,0,0,0,0,0,0,0,0,0,0,0,0
0,0,0,0,0,0,0,0,0,0,0,0,0,0
0,0,0,0,0,0,0,0,0,0,0,0,0,0
0,0,0,0,0,0,0,0,0,0,0,0,0,0
0,0,0,0,0,0,0,0,0,0,0,0,0,0
0,0,0,0,0,0,0,0,0,0,0,0,0,0
0,0,0,0,0,0,0,0,0,0,0,0,0,0
0,0,0,0,0,0,0,0,0,0,0,0,0,0
0,0,0,0,0,0,0,0,0,0,0,0,0,0
0,0,0,0,0,0,0,0,0,0,0,0,32,1
0,0,0,0,0,0,0,0,0,0,0,0,32,1
0,0,0,0,0,0,0,0,0,0,0,0,32,1
0,0,0,0,0,0,0,0,0,0,0,0,32,1
0,0,0,0,0,0,0,0,0,0,0,0,32,1
0,0,0,0,0,0,0,0,0,0,0,0,32,1
0,0,0,0,0,0,0,0,0,0,0,0,32,1
0,0,0,0,0,0,0,0,0,0,0,0,32,1
0,0,0,0,0,0,0,0,0,0,0,0,32,1
0,0,0,0,0,0,0,0,0,0,0,0,32,1
0,0,0,0,0,0,0,0,0,0,0,0,32,1
0,0,0,0,0,0,0,0,0,0,0,0,32,1
0,0,0,0,0,0,0,0,0,0,0,0,32,1
0,0,0,0,0,0,0,0,0,0,0,0,32,1
0,0,0,0,0,0,0,0,0,0,0,0,32,1
0,0,0,0,0,0,0,0,0,0,0,0,32,1
0,0,0,0,0,0,0,0,0,0,0,0,32,1
0,0,0,0,0,0,0,0,0,0,0,0,32,1
0,0,0,0,0,0,0,0,0,0,0,0,32,1
0,0,0,0,0,0,0,0,0,0,0,0,32,1
0,0,0,0,0,0,0,0,0,0,0,0,32,1
0,0,0,0,0,0,0,0,0,0,0,0,32,1
0,0,0,0,0,0,0,0,0,0,0,0,32,1
0,0,0,0,0,0,0,0,0,0,0,0,32,1
0,0,0,0,0,0,0,0,0,0,0,0,32,1
0,0,0,0,0,0,0,0,0,0,0,0,32,1
0,0,0,0,0,0,0,0,0,0,0,0,32,1
0,0,0,0,0,0,0,0,0,0,0,0,32,1
0,0,0,0,0,0,0,0,0,0,0,0,32,1
0,0,0,0,0,0,0,0,0,0,0,0,32,1
0,0,0,0,0,0,0,0,0,0,0,0,32,1
0,0,0,0,0,0,0,0,0,0,0,0,32,1
0,0,0,0,0,0,0,0,0,0,0,0,32,1
0,0,0,0,0,0,0,0,0,0,0,0,32,1
0,0,0,0,0,0,0,0,0,0,0,0,32,1
0,0,0,0,0,0,0,0,0,0,0,0,32,1
0,0,0,0,0,0,0,0,0,0,0,0,32,1
0,0,0,0,0,0,0,0,0,0,0,0,32,1
0,0,0,0,0,0,0,0,0,0,0,0,32,1
0,0,0,0,0,0,0,0,0,0,0,0,32,1
0,0,0,0,0,0,0,0,0,0,0,0,32,1
0,0,0,0,0,0,0,0,0,0,0,0,32,1
0,0,0,0,0,0,0,0,0,0,0,0,32,1
0,0,0,0,0,0,0,0,0,0,0,0,32,1
0,0,0,0,0,0,0,0,0,0,0,0,32,1
0,0,0,0,0,0,0,0,0,0,0,0,32,1
0,0,0,0,0,0,0,0,0,0,0,0,32,1
0,0,0,0,0,0,0,0,0,0,0,0,32,1
0,0,0,0,0,0,0,0,0,0,0,0,32,1
0,0,0,0,0,0,0,0,0,0,0,0,32,1
0,0,0,0,0,0,0,0,0,0,0,0,32,1
0,0,0,0,0,0,0,0,0,0,0,0,32,1
0,0,0,0,0,0,0,0,0,0,0,0,32,1
0,0,0,0,0,0,0,0,0,0,0,0,32,1
0,0,0,0,0,0,0,0,0,0,0,0,32,1
0,0,0,0,0,0,0,0,0,0,0,0,32,1
0,0,0,0,0,0,0,0,0,0,0,0,32,1
0,0,0,0,0,0,0,0,0,0,0,0,32,1
0,0,0,0,0,0,0,0,0,0,0,0,32,1
0,0,0,0,0,0,0,0,0,0,0,0,32,1
0,0,0,0,0,0,0,0,0,0,0,0,32,1
0,0,0,0,0,0,0,0,0,0,0,0,32,1
0,0,0,0,0,0,0,0,0,0,0,0,32,1
0,0,0,0,0,0,0,0,0,0,0,0,32,1
0,0,0,0,0,0,0,0,0,0,0,0,32,1
1,0,0,0,0,0,0,0,0,0,0,1,73,1
0,1,0,0,0,0,0,1,0,0,0,0,110,1
0,0,0,0,0,0,0,0,0,0,0,0,32,1
0,0,1,0,0,1,0,0,0,0,0,0,84,1
1,0,0,0,0,0,0,0,0,0,1,0,104,1
1,0,0,0,0,0,0,1,0,0,0,0,101,1
0,0,0,0,0,0,0,0,0,0,0,0,32,1
0,0,1,0,0,0,0,1,0,0,0,0,86,1
1,0,0,0,0,0,0,0,0,0,0,1,105,1
0,1,0,0,0,1,0,0,0,0,0,0,108,1
0,1,0,0,0,1,0,0,0,0,0,0,108,1
1,0,0,1,0,0,0,0,0,0,0,0,97,1
1,0,0,0,0,0,0,0,0,1,0,0,103,1
1,0,0,0,0,0,0,1,0,0,0,0,101,1
1,0,0,0,0,1,0,0,0,0,1,0,46,1
0,0,1,0,0,0,0,0,1,0,0,0,87,2
1,0,0,0,0,0,0,0,0,0,1,0,104,2
1,0,0,1,0,0,0,0,0,0,0,0,97,2
0,0,1,0,0,1,0,0,0,0,0,0,116,2
0,0,0,0,0,0,0,0,0,0,0,0,32,2
1,0,0,0,0,0,1,0,0,0,0,0,100,2
0,1,0,0,0,0,0,0,1,0,0,0,111,2
0,0,0,0,0,0,0,0,0,0,0,0,32,2
0,0,1,0,0,0,0,0,0,0,1,0,121,2
0,1,0,0,0,0,0,0,1,0,0,0,111,2
0,0,1,0,0,0,1,0,0,0,0,0,117,2
0,0,0,0,0,0,0,0,0,0,0,0,32,2
0,0,1,0,0,0,0,0,1,0,0,0,119,2
1,0,0,1,0,0,0,0,0,0,0,0,97,2
0,1,0,0,0,0,0,1,0,0,0,0,110,2
0,0,1,0,0,1,0,0,0,0,0,0,116,2
0,0,1,0,0,0,0,0,0,1,1,0,63,2
0,0,0,0,0,0,0,0,0,0,0,0,0,2
0,0,0,0,0,0,0,0,0,0,0,0,0,2
0,0,0,0,0,0,0,0,0,0,0,0,0,2
0,0,0,0,0,0,0,0,0,0,0,0,0,2
0,0,0,0,0,0,0,0,0,0,0,0,0,2
0,0,0,0,0,0,0,0,0,0,0,0,0,2
0,0,0,0,0,0,0,0,0,0,0,0,0,2
0,0,0,0,0,0,0,0,0,0,0,0,0,2
0,0,0,0,0,0,0,0,0,0,0,0,0,2
0,0,0,0,0,0,0,0,0,0,0,0,0,2
0,0,0,0,0,0,0,0,0,0,0,0,0,2
0,0,0,0,0,0,0,0,0,0,0,0,0,2
0,0,0,0,0,0,0,0,0,0,0,0,0,2
0,0,0,0,0,0,0,0,0,0,0,0,0,2
0,0,0,0,0,0,0,0,0,0,0,0,0,2
0,0,0,0,0,0,0,0,0,0,0,0,0,2
0,0,0,0,0,0,0,0,0,0,0,0,0,2
0,0,0,0,0,0,0,0,0,0,0,0,0,2
0,0,0,0,0,0,0,0,0,0,0,0,0,2
0,0,0,0,0,0,0,0,0,0,0,0,0,2
0,0,0,0,0,0,0,0,0,0,0,0,0,2
0,0,0,0,0,0,0,0,0,0,0,0,0,2
0,0,0,0,0,0,0,0,0,0,0,0,0,2
0,0,0,0,0,0,0,0,0,0,0,0,0,2
0,0,0,0,0,0,0,0,0,0,0,0,0,2
0,0,0,0,0,0,0,0,0,0,0,0,0,2
0,0,0,0,0,0,0,0,0,0,0,0,0,2
0,0,0,0,0,0,0,0,0,0,0,0,0,2
0,0,0,0,0,0,0,0,0,0,0,0,0,2
0,0,0,0,0,0,0,0,0,0,0,0,0,2
0,0,0,0,0,0,0,0,0,0,0,0,0,2
0,0,0,0,0,0,0,0,0,0,0,0,0,2
0,0,0,0,0,0,0,0,0,0,0,0,0,2
0,0,0,0,0,0,0,0,0,0,0,0,0,2
0,0,0,0,0,0,0,0,0,0,0,0,0,2
0,0,0,0,0,0,0,0,0,0,0,0,0,2
0,0,0,0,0,0,0,0,0,0,0,0,0,2
0,0,0,0,0,0,0,0,0,0,0,0,0,2
0,0,0,0,0,0,0,0,0,0,0,0,0,2
0,0,0,0,0,0,0,0,0,0,0,0,0,2
0,0,0,0,0,0,0,0,0,0,0,0,0,2
0,0,0,0,0,0,0,0,0,0,0,0,0,2
0,0,0,0,0,0,0,0,0,0,0,0,0,2
0,0,0,0,0,0,0,0,0,0,0,0,0,2
0,0,0,0,0,0,0,0,0,0,0,0,0,2
0,0,0,0,0,0,0,0,0,0,0,0,0,2
0,0,0,0,0,0,0,0,0,0,0,0,0,2
0,0,0,0,0,0,0,0,0,0,0,0,0,2
0,0,0,0,0,0,0,0,0,0,0,0,0,2
0,0,0,0,0,0,0,0,0,0,0,0,0,2
0,0,0,0,0,0,0,0,0,0,0,0,0,2
0,0,0,0,0,0,0,0,0,0,0,0,0,2
0,0,0,0,0,0,0,0,0,0,0,0,0,2
0,0,0,0,0,0,0,0,0,0,0,0,0,2
0,0,0,0,0,0,0,0,0,0,0,0,0,2
0,0,0,0,0,0,0,0,0,0,0,0,0,2
0,0,0,0,0,0,0,0,0,0,0,0,0,2
0,0,0,0,0,0,0,0,0,0,0,0,0,2
0,0,0,0,0,0,0,0,0,0,0,0,0,2
0,0,0,0,0,0,0,0,0,0,0,0,0,2
0,0,0,0,0,0,0,0,0,0,0,0,0,2
0,0,0,0,0,0,0,0,0,0,0,0,0,2
0,0,0,0,0,0,0,0,0,0,0,0,0,2
0,0,0,0,0,0,0,0,0,0,0,0,32,3
0,0,0,0,0,0,0,0,0,0,0,0,32,3
0,0,0,0,0,0,0,0,0,0,0,0,32,3
0,0,0,0,0,0,0,0,0,0,0,0,32,3
0,0,0,0,0,0,0,0,0,0,0,0,32,3
0,0,0,0,0,0,0,0,0,0,0,0,32,3
0,0,0,0,0,0,0,0,0,0,0,0,32,3
0,0,0,0,0,0,0,0,0,0,0,0,32,3
0,0,0,0,0,0,0,0,0,0,0,0,32,3
0,0,0,0,0,0,0,0,0,0,0,0,32,3
0,0,0,0,0,0,0,0,0,0,0,0,32,3
0,0,0,0,0,0,0,0,0,0,0,0,32,3
0,0,0,0,0,0,0,0,0,0,0,0,32,3
0,0,0,0,0,0,0,0,0,0,0,0,32,3
0,0,0,0,0,0,0,0,0,0,0,0,32,3
0,0,0,0,0,0,0,0,0,0,0,0,32,3
0,0,0,0,0,0,0,0,0,0,0,0,32,3
0,0,0,0,0,0,0,0,0,0,0,0,32,3
0,0,0,0,0,0,0,0,0,0,0,0,32,3
0,0,0,0,0,0,0,0,0,0,0,0,32,3
0,0,0,0,0,0,0,0,0,0,0,0,32,3
0,0,0,0,0,0,0,0,0,0,0,0,32,3
0,0,0,0,0,0,0,0,0,0,0,0,32,3
0,0,0,0,0,0,0,0,0,0,0,0,32,3
0,0,0,0,0,0,0,0,0,0,0,0,32,3
0,0,0,0,0,0,0,0,0,0,0,0,32,3
0,0,0,0,0,0,0,0,0,0,0,0,32,3
0,0,0,0,0,0,0,0,0,0,0,0,32,3
0,0,0,0,0,0,0,0,0,0,0,0,32,3
0,0,0,0,0,0,0,0,0,0,0,0,32,3
0,0,0,0,0,0,0,0,0,0,0,0,32,3
0,0,0,0,0,0,0,0,0,0,0,0,32,3
0,0,0,0,0,0,0,0,0,0,0,0,32,3
0,0,0,0,0,0,0,0,0,0,0,0,32,3
0,0,0,0,0,0,0,0,0,0,0,0,32,3
0,0,0,0,0,0,0,0,0,0,0,0,32,3
0,0,0,0,0,0,0,0,0,0,0,0,32,3
0,0,0,0,0,0,0,0,0,0,0,0,32,3
0,0,0,0,0,0,0,0,0,0,0,0,32,3
0,0,0,0,0,0,0,0,0,0,0,0,32,3
0,0,0,0,0,0,0,0,0,0,0,0,32,3
0,0,0,0,0,0,0,0,0,0,0,0,32,3
0,0,0,0,0,0,0,0,0,0,0,0,32,3
0,0,0,0,0,0,0,0,0,0,0,0,32,3
0,0,0,0,0,0,0,0,0,0,0,0,32,3
0,0,0,0,0,0,0,0,0,0,0,0,32,3
0,0,0,0,0,0,0,0,0,0,0,0,32,3
0,0,0,0,0,0,0,0,0,0,0,0,32,3
0,0,0,0,0,0,0,0,0,0,0,0,32,3
0,0,0,0,0,0,0,0,0,0,0,0,32,3
0,0,0,0,0,0,0,0,0,0,0,0,32,3
0,0,0,0,0,0,0,0,0,0,0,0,32,3
0,0,0,0,0,0,0,0,0,0,0,0,32,3
0,0,0,0,0,0,0,0,0,0,0,0,32,3
0,0,0,0,0,0,0,0,0,0,0,0,32,3
0,0,0,0,0,0,0,0,0,0,0,0,32,3
0,0,0,0,0,0,0,0,0,0,0,0,32,3
0,0,0,0,0,0,0,0,0,0,0,0,32,3
0,0,0,0,0,0,0,0,0,0,0,0,32,3
0,0,0,0,0,0,0,0,0,0,0,0,32,3
0,0,0,0,0,0,0,0,0,0,0,0,32,3
0,0,0,0,0,0,0,0,0,0,0,0,32,3
0,0,0,0,0,0,0,0,0,0,0,0,32,3
0,0,0,0,0,0,0,0,0,0,0,0,32,3
0,0,0,0,0,0,0,0,0,0,0,0,32,3
0,0,0,0,0,0,0,0,0,0,0,0,32,3
0,0,0,0,0,0,0,0,0,0,0,0,32,3
0,0,0,0,0,0,0,0,0,0,0,0,32,3
1,0,0,0,0,0,0,0,0,0,0,1,73,3
0,1,0,0,0,0,0,1,0,0,0,0,110,3
1,0,0,0,0,0,0,0,1,0,0,0,102,3
0,1,0,0,0,0,0,0,1,0,0,0,111,3
0,1,0,0,0,0,0,0,0,0,0,1,114,3
0,1,0,0,0,0,1,0,0,0,0,0,109,3
1,0,0,1,0,0,0,0,0,0,0,0,97,3
0,0,1,0,0,1,0,0,0,0,0,0,116,3
1,0,0,0,0,0,0,0,0,0,0,1,105,3
0,1,0,0,0,0,0,0,1,0,0,0,111,3
0,1,0,0,0,0,0,1,0,0,0,0,110,3
1,0,0,0,0,1,0,0,0,0,1,0,46,3
0,0,1,0,0,0,0,0,1,0,0,0,87,4
1,0,0,0,0,0,0,0,0,0,1,0,104,4
0,1,0,0,0,0,0,0,1,0,0,0,111,4
0,0,1,0,1,0,0,0,0,0,0,0,115,4
1,0,0,0,0,0,0,1,0,0,0,0,101,4
0,0,0,0,0,0,0,0,0,0,0,0,32,4
0,0,1,0,1,0,0,0,0,0,0,0,115,4
1,0,0,0,0,0,0,0,0,0,0,1,105,4
1,0,0,0,0,0,1,0,0,0,0,0,100,4
1,0,0,0,0,0,0,1,0,0,0,0,101,4
0,0,0,0,0,0,0,0,0,0,0,0,32,4
1,0,0,1,0,0,0,0,0,0,0,0,97,4
0,1,0,0,0,0,0,0,0,0,0,1,114,4
1,0,0,0,0,0,0,1,0,0,0,0,101,4
0,0,0,0,0,0,0,0,0,0,0,0,32,4
0,0,1,0,0,0,0,0,0,0,1,0,121,4
0,1,0,0,0,0,0,0,1,0,0,0,111,4
0,0,1,0,0,0,1,0,0,0,0,0,117,4
0,0,0,0,0,0,0,0,0,0,0,0,32,4
0,1,0,0,0,0,0,0,1,0,0,0,111,4
0,1,0,0,0,0,0,1,0,0,0,0,110,4
0,0,1,0,0,0,0,0,0,1,1,0,63,4
0,0,0,0,0,0,0,0,0,0,0,0,0,4
0,0,0,0,0,0,0,0,0,0,0,0,0,4
0,0,0,0,0,0,0,0,0,0,0,0,0,4
0,0,0,0,0,0,0,0,0,0,0,0,0,4
0,0,0,0,0,0,0,0,0,0,0,0,0,4
0,0,0,0,0,0,0,0,0,0,0,0,0,4
0,0,0,0,0,0,0,0,0,0,0,0,0,4
0,0,0,0,0,0,0,0,0,0,0,0,0,4
0,0,0,0,0,0,0,0,0,0,0,0,0,4
0,0,0,0,0,0,0,0,0,0,0,0,0,4
0,0,0,0,0,0,0,0,0,0,0,0,0,4
0,0,0,0,0,0,0,0,0,0,0,0,0,4
0,0,0,0,0,0,0,0,0,0,0,0,0,4
0,0,0,0,0,0,0,0,0,0,0,0,0,4
0,0,0,0,0,0,0,0,0,0,0,0,0,4
0,0,0,0,0,0,0,0,0,0,0,0,0,4
0,0,0,0,0,0,0,0,0,0,0,0,0,4
0,0,0,0,0,0,0,0,0,0,0,0,0,4
0,0,0,0,0,0,0,0,0,0,0,0,0,4
0,0,0,0,0,0,0,0,0,0,0,0,0,4
0,0,0,0,0,0,0,0,0,0,0,0,0,4
0,0,0,0,0,0,0,0,0,0,0,0,0,4
0,0,0,0,0,0,0,0,0,0,0,0,0,4
0,0,0,0,0,0,0,0,0,0,0,0,0,4
0,0,0,0,0,0,0,0,0,0,0,0,0,4
0,0,0,0,0,0,0,0,0,0,0,0,0,4
0,0,0,0,0,0,0,0,0,0,0,0,0,4
0,0,0,0,0,0,0,0,0,0,0,0,0,4
0,0,0,0,0,0,0,0,0,0,0,0,0,4
0,0,0,0,0,0,0,0,0,0,0,0,0,4
0,0,0,0,0,0,0,0,0,0,0,0,0,4
0,0,0,0,0,0,0,0,0,0,0,0,0,4
0,0,0,0,0,0,0,0,0,0,0,0,0,4
0,0,0,0,0,0,0,0,0,0,0,0,0,4
0,0,0,0,0,0,0,0,0,0,0,0,0,4
0,0,0,0,0,0,0,0,0,0,0,0,0,4
0,0,0,0,0,0,0,0,0,0,0,0,0,4
0,0,0,0,0,0,0,0,0,0,0,0,0,4
0,0,0,0,0,0,0,0,0,0,0,0,0,4
0,0,0,0,0,0,0,0,0,0,0,0,0,4
0,0,0,0,0,0,0,0,0,0,0,0,0,4
0,0,0,0,0,0,0,0,0,0,0,0,0,4
0,0,0,0,0,0,0,0,0,0,0,0,0,4
0,0,0,0,0,0,0,0,0,0,0,0,0,4
0,0,0,0,0,0,0,0,0,0,0,0,0,4
0,0,0,0,0,0,0,0,0,0,0,0,0,4
0,0,0,0,0,0,0,0,0,0,0,0,0,4
0,0,0,0,0,0,0,0,0,0,0,0,0,4
0,0,0,0,0,0,0,0,0,0,0,0,0,4
0,0,0,0,0,0,0,0,0,0,0,0,0,4
0,0,0,0,0,0,0,0,0,0,0,0,0,4
0,0,0,0,0,0,0,0,0,0,0,0,0,4
0,0,0,0,0,0,0,0,0,0,0,0,0,4
0,0,0,0,0,0,0,0,0,0,0,0,0,4
0,0,0,0,0,0,0,0,0,0,0,0,0,4
0,0,0,0,0,0,0,0,0,0,0,0,0,4
0,0,0,0,0,0,0,0,0,0,0,0,0,4
0,0,0,0,0,0,0,0,0,0,0,0,0,4
0,0,0,0,0,0,0,0,0,0,0,0,32,5
0,0,0,0,0,0,0,0,0,0,0,0,32,5
0,0,0,0,0,0,0,0,0,0,0,0,32,5
0,0,0,0,0,0,0,0,0,0,0,0,32,5
0,0,0,0,0,0,0,0,0,0,0,0,32,5
0,0,0,0,0,0,0,0,0,0,0,0,32,5
0,0,0,0,0,0,0,0,0,0,0,0,32,5
0,0,0,0,0,0,0,0,0,0,0,0,32,5
0,0,0,0,0,0,0,0,0,0,0,0,32,5
0,0,0,0,0,0,0,0,0,0,0,0,32,5
0,0,0,0,0,0,0,0,0,0,0,0,32,5
0,0,1,0,0,1,0,0,0,0,0,0,84,5
1,0,0,0,0,0,0,0,0,0,1,0,104,5
1,0,0,1,0,0,0,0,0,0,0,0,97,5
0,0,1,0,0,1,0,0,0,0,0,0,116,5
0,0,0,0,0,0,0,0,0,0,0,0,32,5
0,0,1,0,0,0,0,0,1,0,0,0,119,5
0,1,0,0,0,0,0,0,1,0,0,0,111,5
0,0,1,0,0,0,1,0,0,0,0,0,117,5
0,1,0,0,0,1,0,0,0,0,0,0,108,5
1,0,0,0,0,0,1,0,0,0,0,0,100,5
0,0,0,0,0,0,0,0,0,0,0,0,32,5
1,0,0,0,1,0,0,0,0,0,0,0,98,5
1,0,0,0,0,0,0,1,0,0,0,0,101,5
0,0,0,0,0,0,0,0,0,0,0,0,32,5
0,0,1,0,0,1,0,0,0,0,0,0,116,5
1,0,0,0,0,0,0,1,0,0,0,0,101,5
0,1,0,0,0,1,0,0,0,0,0,0,108,5
0,1,0,0,0,1,0,0,0,0,0,0,108,5
1,0,0,0,0,0,0,0,0,0,0,1,105,5
0,1,0,0,0,0,0,1,0,0,0,0,110,5
1,0,0,0,0,0,0,0,0,1,0,0,103,5
1,0,0,0,0,1,0,0,0,0,1,0,46,5
0,0,0,0,0,0,0,0,0,0,0,0,32,5
0,0,1,0,0,0,0,0,1,0,0,0,87,5
1,0,0,0,0,0,0,1,0,0,0,0,101,5
0,0,0,0,0,0,0,0,0,0,0,0,32,5
0,0,1,0,0,0,0,0,1,0,0,0,119,5
1,0,0,1,0,0,0,0,0,0,0,0,97,5
0,1,0,0,0,0,0,1,0,0,0,0,110,5
0,0,1,0,0,1,0,0,0,0,0,0,116,5
0,0,0,0,0,0,0,0,0,0,0,0,32,5
1,0,0,0,0,0,0,0,0,0,0,1,105,5
0,1,0,0,0,0,0,1,0,0,0,0,110,5
1,0,0,0,0,0,0,0,1,0,0,0,102,5
0,1,0,0,0,0,0,0,1,0,0,0,111,5
0,1,0,0,0,0,0,0,0,0,0,1,114,5
0,1,0,0,0,0,1,0,0,0,0,0,109,5
1,0,0,1,0,0,0,0,0,0,0,0,97,5
0,0,1,0,0,1,0,0,0,0,0,0,116,5
1,0,0,0,0,0,0,0,0,0,0,1,105,5
0,1,0,0,0,0,0,0,1,0,0,0,111,5
0,1,0,0,0,0,0,1,0,0,0,0,110,5
0,1,0,0,0,0,0,0,0,0,0,0,45,5
0,1,0,0,0,0,0,0,0,0,0,0,45,5
1,0,0,0,0,0,0,0,0,0,0,1,105,5
0,1,0,0,0,0,0,1,0,0,0,0,110,5
1,0,0,0,0,0,0,0,1,0,0,0,102,5
0,1,0,0,0,0,0,0,1,0,0,0,111,5
0,1,0,0,0,0,0,0,0,0,0,1,114,5
0,1,0,0,0,0,1,0,0,0,0,0,109,5
1,0,0,1,0,0,0,0,0,0,0,0,97,5
0,0,1,0,0,1,0,0,0,0,0,0,116,5
1,0,0,0,0,0,0,0,0,0,0,1,105,5
0,1,0,0,0,0,0,0,1,0,0,0,111,5
0,1,0,0,0,0,0,1,0,0,0,0,110,5
0,1,0,0,0,0,0,0,0,0,0,0,45,5
0,1,0,0,0,0,0,0,0,0,0,0,45,5
1,0,0,0,0,0,0,0,0,0,0,1,105,5
0,1,0,0,0,0,0,1,0,0,0,0,110,5
1,0,0,0,0,0,0,0,1,0,0,0,102,5
0,1,0,0,0,0,0,0,1,0,0,0,111,5
0,1,0,0,0,0,0,0,0,0,0,1,114,5
0,1,0,0,0,0,1,0,0,0,0,0,109,5
1,0,0,1,0,0,0,0,0,0,0,0,97,5
0,0,1,0,0,1,0,0,0,0,0,0,116,5
1,0,0,0,0,0,0,0,0,0,0,1,105,5
0,1,0,0,0,0,0,0,1,0,0,0,111,5
0,1,0,0,0,0,0,1,0,0,0,0,110,5
0,1,0,0,1,0,0,0,0,0,1,0,33,5
0,0,1,0,0,0,0,0,0,0,1,0,89,6
0,1,0,0,0,0,0,0,1,0,0,0,111,6
0,0,1,0,0,0,1,0,0,0,0,0,117,6
0,0,0,0,0,0,0,0,0,0,0,0,32,6
0,0,1,0,0,0,0,0,1,0,0,0,119,6
0,1,0,0,0,0,0,0,1,0,0,0,111,6
0,1,0,0,0,0,0,1,0,0,0,0,110,6
0,0,0,0,0,0,0,1,0,0,1,0,39,6
0,0,1,0,0,1,0,0,0,0,0,0,116,6
0,0,0,0,0,0,0,0,0,0,0,0,32,6
1,0,0,0,0,0,0,0,0,1,0,0,103,6
1,0,0,0,0,0,0,1,0,0,0,0,101,6
0,0,1,0,0,1,0,0,0,0,0,0,116,6
0,0,0,0,0,0,0,0,0,0,0,0,32,6
1,0,0,0,0,0,0,0,0,0,0,1,105,6
0,0,1,0,0,1,0,0,0,0,0,0,116,6
0,1,0,0,1,0,0,0,0,0,1,0,33,6
0,0,0,0,0,0,0,0,0,0,0,0,0,6
0,0,0,0,0,0,0,0,0,0,0,0,0,6
0,0,0,0,0,0,0,0,0,0,0,0,0,6
0,0,0,0,0,0,0,0,0,0,0,0,0,6
0,0,0,0,0,0,0,0,0,0,0,0,0,6
0,0,0,0,0,0,0,0,0,0,0,0,0,6
0,0,0,0,0,0,0,0,0,0,0,0,0,6
0,0,0,0,0,0,0,0,0,0,0,0,0,6
0,0,0,0,0,0,0,0,0,0,0,0,0,6
0,0,0,0,0,0,0,0,0,0,0,0,0,6
0,0,0,0,0,0,0,0,0,0,0,0,0,6
0,0,0,0,0,0,0,0,0,0,0,0,0,6
0,0,0,0,0,0,0,0,0,0,0,0,0,6
0,0,0,0,0,0,0,0,0,0,0,0,0,6
0,0,0,0,0,0,0,0,0,0,0,0,0,6
0,0,0,0,0,0,0,0,0,0,0,0,0,6
0,0,0,0,0,0,0,0,0,0,0,0,0,6
0,0,0,0,0,0,0,0,0,0,0,0,0,6
0,0,0,0,0,0,0,0,0,0,0,0,0,6
0,0,0,0,0,0,0,0,0,0,0,0,0,6
0,0,0,0,0,0,0,0,0,0,0,0,0,6
0,0,0,0,0,0,0,0,0,0,0,0,0,6
0,0,0,0,0,0,0,0,0,0,0,0,0,6
0,0,0,0,0,0,0,0,0,0,0,0,0,6
0,0,0,0,0,0,0,0,0,0,0,0,0,6
0,0,0,0,0,0,0,0,0,0,0,0,0,6
0,0,0,0,0,0,0,0,0,0,0,0,0,6
0,0,0,0,0,0,0,0,0,0,0,0,0,6
0,0,0,0,0,0,0,0,0,0,0,0,0,6
0,0,0,0,0,0,0,0,0,0,0,0,0,6
0,0,0,0,0,0,0,0,0,0,0,0,0,6
0,0,0,0,0,0,0,0,0,0,0,0,0,6
0,0,0,0,0,0,0,0,0,0,0,0,0,6
0,0,0,0,0,0,0,0,0,0,0,0,0,6
0,0,0,0,0,0,0,0,0,0,0,0,0,6
0,0,0,0,0,0,0,0,0,0,0,0,0,6
0,0,0,0,0,0,0,0,0,0,0,0,0,6
0,0,0,0,0,0,0,0,0,0,0,0,0,6
0,0,0,0,0,0,0,0,0,0,0,0,0,6
0,0,0,0,0,0,0,0,0,0,0,0,0,6
0,0,0,0,0,0,0,0,0,0,0,0,0,6
0,0,0,0,0,0,0,0,0,0,0,0,0,6
0,0,0,0,0,0,0,0,0,0,0,0,0,6
0,0,0,0,0,0,0,0,0,0,0,0,0,6
0,0,0,0,0,0,0,0,0,0,0,0,0,6
0,0,0,0,0,0,0,0,0,0,0,0,0,6
0,0,0,0,0,0,0,0,0,0,0,0,0,6
0,0,0,0,0,0,0,0,0,0,0,0,0,6
0,0,0,0,0,0,0,0,0,0,0,0,0,6
0,0,0,0,0,0,0,0,0,0,0,0,0,6
0,0,0,0,0,0,0,0,0,0,0,0,0,6
0,0,0,0,0,0,0,0,0,0,0,0,0,6
0,0,0,0,0,0,0,0,0,0,0,0,0,6
0,0,0,0,0,0,0,0,0,0,0,0,0,6
0,0,0,0,0,0,0,0,0,0,0,0,0,6
0,0,0,0,0,0,0,0,0,0,0,0,0,6
0,0,0,0,0,0,0,0,0,0,0,0,0,6
0,0,0,0,0,0,0,0,0,0,0,0,0,6
0,0,0,0,0,0,0,0,0,0,0,0,0,6
0,0,0,0,0,0,0,0,0,0,0,0,0,6
0,0,0,0,0,0,0,0,0,0,0,0,0,6
0,0,0,0,0,0,0,0,0,0,0,0,0,6
0,0,0,0,0,0,0,0,0,0,0,0,0,6
0,0,0,0,0,0,0,0,0,0,0,0,32,7
0,0,0,0,0,0,0,0,0,0,0,0,32,7
0,0,0,0,0,0,0,0,0,0,0,0,32,7
0,0,0,0,0,0,0,0,0,0,0,0,32,7
0,0,0,0,0,0,0,0,0,0,0,0,32,7
0,0,0,0,0,0,0,0,0,0,0,0,32,7
0,0,0,0,0,0,0,0,0,0,0,0,32,7
0,0,0,0,0,0,0,0,0,0,0,0,32,7
0,0,0,0,0,0,0,0,0,0,0,0,32,7
0,0,0,0,0,0,0,0,0,0,0,0,32,7
0,0,0,0,0,0,0,0,0,0,0,0,32,7
0,0,0,0,0,0,0,0,0,0,0,0,32,7
0,0,0,0,0,0,0,0,0,0,0,0,32,7
0,0,0,0,0,0,0,0,0,0,0,0,32,7
0,0,0,0,0,0,0,0,0,0,0,0,32,7
0,0,0,0,0,0,0,0,0,0,0,0,32,7
0,0,0,0,0,0,0,0,0,0,0,0,32,7
0,0,0,0,0,0,0,0,0,0,0,0,32,7
0,0,0,0,0,0,0,0,0,0,0,0,32,7
0,0,0,0,0,0,0,0,0,0,0,0,32,7
0,0,0,0,0,0,0,0,0,0,0,0,32,7
0,0,0,0,0,0,0,0,0,0,0,0,32,7
0,0,0,0,0,0,0,0,0,0,0,0,32,7
0,0,0,0,0,0,0,0,0,0,0,0,32,7
0,0,0,0,0,0,0,0,0,0,0,0,32,7
0,0,0,0,0,0,0,0,0,0,0,0,32,7
0,0,0,0,0,0,0,0,0,0,0,0,32,7
0,0,0,0,0,0,0,0,0,0,0,0,32,7
0,0,0,0,0,0,0,0,0,0,0,0,32,7
0,0,0,0,0,0,0,0,0,0,0,0,32,7
0,0,0,0,0,0,0,0,0,0,0,0,32,7
0,0,0,0,0,0,0,0,0,0,0,0,32,7
0,0,0,0,0,0,0,0,0,0,0,0,32,7
0,0,0,0,0,0,0,0,0,0,0,0,32,7
0,0,0,0,0,0,0,0,0,0,0,0,32,7
0,0,0,0,0,0,0,0,0,0,0,0,32,7
0,0,0,0,0,0,0,0,0,0,0,0,32,7
0,0,0,0,0,0,0,0,0,0,0,0,32,7
0,0,0,0,0,0,0,0,0,0,0,0,32,7
0,0,0,0,0,0,0,0,0,0,0,0,32,7
0,0,0,0,0,0,0,0,0,0,0,0,32,7
0,0,0,0,0,0,0,0,0,0,0,0,32,7
0,0,0,0,0,0,0,0,0,0,0,0,32,7
0,0,0,0,0,0,0,0,0,0,0,0,32,7
0,0,0,0,0,0,0,0,0,0,0,0,32,7
0,0,0,0,0,0,0,0,0,0,0,0,32,7
0,0,0,0,0,0,0,0,0,0,0,0,32,7
0,0,0,0,0,0,0,0,0,0,0,0,32,7
0,0,0,0,0,0,0,0,0,0,0,0,32,7
0,0,0,0,0,0,0,0,0,0,0,0,32,7
0,0,0,0,0,0,0,0,0,0,0,0,32,7
1,0,0,0,1,0,0,0,0,0,0,0,66,7
0,0,1,0,0,0,0,0,0,0,1,0,121,7
0,0,0,0,0,0,0,0,0,0,0,0,32,7
1,0,0,0,0,0,0,0,0,0,1,0,104,7
0,1,0,0,0,0,0,0,1,0,0,0,111,7
0,1,0,0,0,0,0,0,1,0,0,0,111,7
0,1,0,0,1,0,0,0,0,0,0,0,107,7
0,0,0,0,0,0,0,0,0,0,0,0,32,7
0,1,0,0,0,0,0,0,1,0,0,0,111,7
0,1,0,0,0,0,0,0,0,0,0,1,114,7
0,0,0,0,0,0,0,0,0,0,0,0,32,7
1,0,0,0,1,0,0,0,0,0,0,0,98,7
0,0,1,0,0,0,0,0,0,0,1,0,121,7
0,0,0,0,0,0,0,0,0,0,0,0,32,7
1,0,0,0,0,1,0,0,0,0,0,0,99,7
0,1,0,0,0,0,0,0,0,0,0,1,114,7
0,1,0,0,0,0,0,0,1,0,0,0,111,7
0,1,0,0,0,0,0,0,1,0,0,0,111,7
0,1,0,0,1,0,0,0,0,0,0,0,107,7
0,1,0,0,0,0,0,0,0,0,0,0,45,7
0,1,0,0,0,0,0,0,0,0,0,0,45,7
0,0,1,0,0,0,0,0,1,0,0,0,119,7
1,0,0,0,0,0,0,1,0,0,0,0,101,7
0,0,0,0,0,0,0,0,0,0,0,0,32,7
0,0,1,0,0,0,0,0,1,0,0,0,119,7
1,0,0,0,0,0,0,0,0,0,0,1,105,7
0,1,0,0,0,1,0,0,0,0,0,0,108,7
0,1,0,0,0,1,0,0,0,0,0,0,108,7
0,1,0,0,1,0,0,0,0,0,1,0,33,7
0,0,1,0,0,0,0,0,1,0,0,0,87,8
1,0,0,0,0,0,0,0,0,0,1,0,104,8
0,1,0,0,0,0,0,0,1,0,0,0,111,8
0,0,0,0,0,0,0,0,0,0,0,0,32,8
1,0,0,1,0,0,0,0,0,0,0,0,97,8
0,1,0,0,0,0,0,0,0,0,0,1,114,8
1,0,0,0,0,0,0,1,0,0,0,0,101,8
0,0,0,0,0,0,0,0,0,0,0,0,32,8
0,0,1,0,0,0,0,0,0,0,1,0,121,8
0,1,0,0,0,0,0,0,1,0,0,0,111,8
0,0,1,0,0,0,1,0,0,0,0,0,117,8
0,0,1,0,0,0,0,0,0,1,1,0,63,8
0,0,0,0,0,0,0,0,0,0,0,0,0,8
0,0,0,0,0,0,0,0,0,0,0,0,0,8
0,0,0,0,0,0,0,0,0,0,0,0,0,8
0,0,0,0,0,0,0,0,0,0,0,0,0,8
0,0,0,0,0,0,0,0,0,0,0,0,0,8
0,0,0,0,0,0,0,0,0,0,0,0,0,8
0,0,0,0,0,0,0,0,0,0,0,0,0,8
0,0,0,0,0,0,0,0,0,0,0,0,0,8
0,0,0,0,0,0,0,0,0,0,0,0,0,8
0,0,0,0,0,0,0,0,0,0,0,0,0,8
0,0,0,0,0,0,0,0,0,0,0,0,0,8
0,0,0,0,0,0,0,0,0,0,0,0,0,8
0,0,0,0,0,0,0,0,0,0,0,0,0,8
0,0,0,0,0,0,0,0,0,0,0,0,0,8
0,0,0,0,0,0,0,0,0,0,0,0,0,8
0,0,0,0,0,0,0,0,0,0,0,0,0,8
0,0,0,0,0,0,0,0,0,0,0,0,0,8
0,0,0,0,0,0,0,0,0,0,0,0,0,8
0,0,0,0,0,0,0,0,0,0,0,0,0,8
0,0,0,0,0,0,0,0,0,0,0,0,0,8
0,0,0,0,0,0,0,0,0,0,0,0,0,8
0,0,0,0,0,0,0,0,0,0,0,0,0,8
0,0,0,0,0,0,0,0,0,0,0,0,0,8
0,0,0,0,0,0,0,0,0,0,0,0,0,8
0,0,0,0,0,0,0,0,0,0,0,0,0,8
0,0,0,0,0,0,0,0,0,0,0,0,0,8
0,0,0,0,0,0,0,0,0,0,0,0,0,8
0,0,0,0,0,0,0,0,0,0,0,0,0,8
0,0,0,0,0,0,0,0,0,0,0,0,0,8
0,0,0,0,0,0,0,0,0,0,0,0,0,8
0,0,0,0,0,0,0,0,0,0,0,0,0,8
0,0,0,0,0,0,0,0,0,0,0,0,0,8
0,0,0,0,0,0,0,0,0,0,0,0,0,8
0,0,0,0,0,0,0,0,0,0,0,0,0,8
0,0,0,0,0,0,0,0,0,0,0,0,0,8
0,0,0,0,0,0,0,0,0,0,0,0,0,8
0,0,0,0,0,0,0,0,0,0,0,0,0,8
0,0,0,0,0,0,0,0,0,0,0,0,0,8
0,0,0,0,0,0,0,0,0,0,0,0,0,8
0,0,0,0,0,0,0,0,0,0,0,0,0,8
0,0,0,0,0,0,0,0,0,0,0,0,0,8
0,0,0,0,0,0,0,0,0,0,0,0,0,8
0,0,0,0,0,0,0,0,0,0,0,0,0,8
0,0,0,0,0,0,0,0,0,0,0,0,0,8
0,0,0,0,0,0,0,0,0,0,0,0,0,8
0,0,0,0,0,0,0,0,0,0,0,0,0,8
0,0,0,0,0,0,0,0,0,0,0,0,0,8
0,0,0,0,0,0,0,0,0,0,0,0,0,8
0,0,0,0,0,0,0,0,0,0,0,0,0,8
0,0,0,0,0,0,0,0,0,0,0,0,0,8
0,0,0,0,0,0,0,0,0,0,0,0,0,8
0,0,0,0,0,0,0,0,0,0,0,0,0,8
0,0,0,0,0,0,0,0,0,0,0,0,0,8
0,0,0,0,0,0,0,0,0,0,0,0,0,8
0,0,0,0,0,0,0,0,0,0,0,0,0,8
0,0,0,0,0,0,0,0,0,0,0,0,0,8
0,0,0,0,0,0,0,0,0,0,0,0,0,8
0,0,0,0,0,0,0,0,0,0,0,0,0,8
0,0,0,0,0,0,0,0,0,0,0,0,0,8
0,0,0,0,0,0,0,0,0,0,0,0,0,8
0,0,0,0,0,0,0,0,0,0,0,0,0,8
0,0,0,0,0,0,0,0,0,0,0,0,0,8
0,0,0,0,0,0,0,0,0,0,0,0,0,8
0,0,0,0,0,0,0,0,0,0,0,0,0,8
0,0,0,0,0,0,0,0,0,0,0,0,0,8
0,0,0,0,0,0,0,0,0,0,0,0,0,8
0,0,0,0,0,0,0,0,0,0,0,0,0,8
0,0,0,0,0,0,0,0,0,0,0,0,0,8
0,0,0,0,0,0,0,0,0,0,0,0,32,9
0,0,0,0,0,0,0,0,0,0,0,0,32,9
0,0,0,0,0,0,0,0,0,0,0,0,32,9
0,0,0,0,0,0,0,0,0,0,0,0,32,9
0,0,0,0,0,0,0,0,0,0,0,0,32,9
0,0,0,0,0,0,0,0,0,0,0,0,32,9
0,0,0,0,0,0,0,0,0,0,0,0,32,9
0,0,0,0,0,0,0,0,0,0,0,0,32,9
0,0,0,0,0,0,0,0,0,0,0,0,32,9
0,0,0,0,0,0,0,0,0,0,0,0,32,9
0,0,0,0,0,0,0,0,0,0,0,0,32,9
0,0,0,0,0,0,0,0,0,0,0,0,32,9
0,0,0,0,0,0,0,0,0,0,0,0,32,9
0,0,0,0,0,0,0,0,0,0,0,0,32,9
0,0,0,0,0,0,0,0,0,0,0,0,32,9
0,0,0,0,0,0,0,0,0,0,0,0,32,9
0,0,0,0,0,0,0,0,0,0,0,0,32,9
0,0,0,0,0,0,0,0,0,0,0,0,32,9
0,0,0,0,0,0,0,0,0,0,0,0,32,9
0,0,0,0,0,0,0,0,0,0,0,0,32,9
0,0,0,0,0,0,0,0,0,0,0,0,32,9
0,0,0,0,0,0,0,0,0,0,0,0,32,9
0,0,0,0,0,0,0,0,0,0,0,0,32,9
0,0,0,0,0,0,0,0,0,0,0,0,32,9
0,0,0,0,0,0,0,0,0,0,0,0,32,9
0,0,0,0,0,0,0,0,0,0,0,0,32,9
0,0,0,0,0,0,0,0,0,0,0,0,32,9
0,0,0,0,0,0,0,0,0,0,0,0,32,9
0,0,0,0,0,0,0,0,0,0,0,0,32,9
0,0,0,0,0,0,0,0,0,0,0,0,32,9
0,0,0,0,0,0,0,0,0,0,0,0,32,9
0,0,0,0,0,0,0,0,0,0,0,0,32,9
0,0,0,0,0,0,0,0,0,0,0,0,32,9
0,0,0,0,0,0,0,0,0,0,0,0,32,9
0,0,0,0,0,0,0,0,0,0,0,0,32,9
0,0,0,0,0,0,0,0,0,0,0,0,32,9
0,0,0,0,0,0,0,0,0,0,0,0,32,9
0,0,0,0,0,0,0,0,0,0,0,0,32,9
0,0,0,0,0,0,0,0,0,0,0,0,32,9
0,0,0,0,0,0,0,0,0,0,0,0,32,9
0,0,0,0,0,0,0,0,0,0,0,0,32,9
0,0,0,0,0,0,0,0,0,0,0,0,32,9
0,0,0,0,0,0,0,0,0,0,0,0,32,9
0,0,0,0,0,0,0,0,0,0,0,0,32,9
0,0,0,0,0,0,0,0,0,0,0,0,32,9
0,0,0,0,0,0,0,0,0,0,0,0,32,9
0,0,0,0,0,0,0,0,0,0,0,0,32,9
0,0,0,0,0,0,0,0,0,0,0,0,32,9
0,0,0,0,0,0,0,0,0,0,0,0,32,9
0,0,0,0,0,0,0,0,0,0,0,0,32,9
0,0,0,0,0,0,0,0,0,0,0,0,32,9
0,0,0,0,0,0,0,0,0,0,0,0,32,9
0,0,0,0,0,0,0,0,0,0,0,0,32,9
0,0,0,0,0,0,0,0,0,0,0,0,32,9
0,0,0,0,0,0,0,0,0,0,0,0,32,9
0,0,0,0,0,0,0,0,0,0,0,0,32,9
0,0,0,0,0,0,0,0,0,0,0,0,32,9
0,0,0,0,0,0,0,0,0,0,0,0,32,9
0,0,0,0,0,0,0,0,0,0,0,0,32,9
0,0,0,0,0,0,0,0,0,0,0,0,32,9
0,0,0,0,0,0,0,0,0,0,0,0,32,9
0,0,1,0,0,1,0,0,0,0,0,0,84,9
1,0,0,0,0,0,0,0,0,0,1,0,104,9
1,0,0,0,0,0,0,1,0,0,0,0,101,9
0,0,0,0,0,0,0,0,0,0,0,0,32,9
0,1,0,0,0,0,0,1,0,0,0,0,110,9
1,0,0,0,0,0,0,1,0,0,0,0,101,9
0,0,1,0,0,0,0,0,1,0,0,0,119,9
0,0,0,0,0,0,0,0,0,0,0,0,32,9
0,1,0,0,0,0,0,1,0,0,0,0,78,9
0,0,1,0,0,0,1,0,0,0,0,0,117,9
0,1,0,0,0,0,1,0,0,0,0,0,109,9
1,0,0,0,1,0,0,0,0,0,0,0,98,9
1,0,0,0,0,0,0,1,0,0,0,0,101,9
0,1,0,0,0,0,0,0,0,0,0,1,114,9
0,0,0,0,0,0,0,0,0,0,0,0,32,9
0,0,1,0,0,1,0,0,0,0,0,0,84,9
0,0,1,0,0,0,0,0,1,0,0,0,119,9
0,1,0,0,0,0,0,0,1,0,0,0,111,9
1,0,0,0,0,1,0,0,0,0,1,0,46,9
0,0,1,0,0,0,0,0,1,0,0,0,87,10
1,0,0,0,0,0,0,0,0,0,1,0,104,10
0,1,0,0,0,0,0,0,1,0,0,0,111,10
0,0,0,0,0,0,0,0,0,0,0,0,32,10
1,0,0,0,0,0,0,0,0,0,0,1,105,10
0,0,1,0,1,0,0,0,0,0,0,0,115,10
0,0,0,0,0,0,0,0,0,0,0,0,32,10
0,1,0,0,0,0,0,1,0,0,0,0,78,10
0,0,1,0,0,0,1,0,0,0,0,0,117,10
0,1,0,0,0,0,1,0,0,0,0,0,109,10
1,0,0,0,1,0,0,0,0,0,0,0,98,10
1,0,0,0,0,0,0,1,0,0,0,0,101,10
0,1,0,0,0,0,0,0,0,0,0,1,114,10
0,0,0,0,0,0,0,0,0,0,0,0,32,10
0,1,0,0,0,0,0,0,1,0,0,0,79,10
0,1,0,0,0,0,0,1,0,0,0,0,110,10
1,0,0,0,0,0,0,1,0,0,0,0,101,10
0,0,1,0,0,0,0,0,0,1,1,0,63,10
0,0,0,0,0,0,0,0,0,0,0,0,0,10
0,0,0,0,0,0,0,0,0,0,0,0,0,10
0,0,0,0,0,0,0,0,0,0,0,0,0,10
0,0,0,0,0,0,0,0,0,0,0,0,0,10
0,0,0,0,0,0,0,0,0,0,0,0,0,10
0,0,0,0,0,0,0,0,0,0,0,0,0,10
0,0,0,0,0,0,0,0,0,0,0,0,0,10
0,0,0,0,0,0,0,0,0,0,0,0,0,10
0,0,0,0,0,0,0,0,0,0,0,0,0,10
0,0,0,0,0,0,0,0,0,0,0,0,0,10
0,0,0,0,0,0,0,0,0,0,0,0,0,10
0,0,0,0,0,0,0,0,0,0,0,0,0,10
0,0,0,0,0,0,0,0,0,0,0,0,0,10
0,0,0,0,0,0,0,0,0,0,0,0,0,10
0,0,0,0,0,0,0,0,0,0,0,0,0,10
0,0,0,0,0,0,0,0,0,0,0,0,0,10
0,0,0,0,0,0,0,0,0,0,0,0,0,10
0,0,0,0,0,0,0,0,0,0,0,0,0,10
0,0,0,0,0,0,0,0,0,0,0,0,0,10
0,0,0,0,0,0,0,0,0,0,0,0,0,10
0,0,0,0,0,0,0,0,0,0,0,0,0,10
0,0,0,0,0,0,0,0,0,0,0,0,0,10
0,0,0,0,0,0,0,0,0,0,0,0,0,10
0,0,0,0,0,0,0,0,0,0,0,0,0,10
0,0,0,0,0,0,0,0,0,0,0,0,0,10
0,0,0,0,0,0,0,0,0,0,0,0,0,10
0,0,0,0,0,0,0,0,0,0,0,0,0,10
0,0,0,0,0,0,0,0,0,0,0,0,0,10
0,0,0,0,0,0,0,0,0,0,0,0,0,10
0,0,0,0,0,0,0,0,0,0,0,0,0,10
0,0,0,0,0,0,0,0,0,0,0,0,0,10
0,0,0,0,0,0,0,0,0,0,0,0,0,10
0,0,0,0,0,0,0,0,0,0,0,0,0,10
0,0,0,0,0,0,0,0,0,0,0,0,0,10
0,0,0,0,0,0,0,0,0,0,0,0,0,10
0,0,0,0,0,0,0,0,0,0,0,0,0,10
0,0,0,0,0,0,0,0,0,0,0,0,0,10
0,0,0,0,0,0,0,0,0,0,0,0,0,10
0,0,0,0,0,0,0,0,0,0,0,0,0,10
0,0,0,0,0,0,0,0,0,0,0,0,0,10
0,0,0,0,0,0,0,0,0,0,0,0,0,10
0,0,0,0,0,0,0,0,0,0,0,0,0,10
0,0,0,0,0,0,0,0,0,0,0,0,0,10
0,0,0,0,0,0,0,0,0,0,0,0,0,10
0,0,0,0,0,0,0,0,0,0,0,0,0,10
0,0,0,0,0,0,0,0,0,0,0,0,0,10
0,0,0,0,0,0,0,0,0,0,0,0,0,10
0,0,0,0,0,0,0,0,0,0,0,0,0,10
0,0,0,0,0,0,0,0,0,0,0,0,0,10
0,0,0,0,0,0,0,0,0,0,0,0,0,10
0,0,0,0,0,0,0,0,0,0,0,0,0,10
0,0,0,0,0,0,0,0,0,0,0,0,0,10
0,0,0,0,0,0,0,0,0,0,0,0,0,10
0,0,0,0,0,0,0,0,0,0,0,0,0,10
0,0,0,0,0,0,0,0,0,0,0,0,0,10
0,0,0,0,0,0,0,0,0,0,0,0,0,10
0,0,0,0,0,0,0,0,0,0,0,0,0,10
0,0,0,0,0,0,0,0,0,0,0,0,0,10
0,0,0,0,0,0,0,0,0,0,0,0,0,10
0,0,0,0,0,0,0,0,0,0,0,0,0,10
0,0,0,0,0,0,0,0,0,0,0,0,0,10
0,0,0,0,0,0,0,0,0,0,0,0,0,10
0,0,0,0,0,0,0,0,0,0,0,0,32,11
0,0,0,0,0,0,0,0,0,0,0,0,32,11
0,0,0,0,0,0,0,0,0,0,0,0,32,11
0,0,0,0,0,0,0,0,0,0,0,0,32,11
0,0,0,0,0,0,0,0,0,0,0,0,32,11
0,0,0,0,0,0,0,0,0,0,0,0,32,11
0,0,0,0,0,0,0,0,0,0,0,0,32,11
0,0,0,0,0,0,0,0,0,0,0,0,32,11
0,0,0,0,0,0,0,0,0,0,0,0,32,11
0,0,0,0,0,0,0,0,0,0,0,0,32,11
0,0,0,0,0,0,0,0,0,0,0,0,32,11
0,0,0,0,0,0,0,0,0,0,0,0,32,11
0,0,0,0,0,0,0,0,0,0,0,0,32,11
0,0,0,0,0,0,0,0,0,0,0,0,32,11
0,0,0,0,0,0,0,0,0,0,0,0,32,11
0,0,0,0,0,0,0,0,0,0,0,0,32,11
0,0,0,0,0,0,0,0,0,0,0,0,32,11
0,0,0,0,0,0,0,0,0,0,0,0,32,11
0,0,0,0,0,0,0,0,0,0,0,0,32,11
0,0,0,0,0,0,0,0,0,0,0,0,32,11
0,0,0,0,0,0,0,0,0,0,0,0,32,11
0,0,0,0,0,0,0,0,0,0,0,0,32,11
0,0,0,0,0,0,0,0,0,0,0,0,32,11
0,0,0,0,0,0,0,0,0,0,0,0,32,11
0,0,0,0,0,0,0,0,0,0,0,0,32,11
0,0,0,0,0,0,0,0,0,0,0,0,32,11
0,0,0,0,0,0,0,0,0,0,0,0,32,11
0,0,0,0,0,0,0,0,0,0,0,0,32,11
0,0,0,0,0,0,0,0,0,0,0,0,32,11
0,0,0,0,0,0,0,0,0,0,0,0,32,11
0,0,0,0,0,0,0,0,0,0,0,0,32,11
0,0,0,0,0,0,0,0,0,0,0,0,32,11
0,0,0,0,0,0,0,0,0,0,0,0,32,11
0,0,0,0,0,0,0,0,0,0,0,0,32,11
0,0,0,0,0,0,0,0,0,0,0,0,32,11
0,0,0,0,0,0,0,0,0,0,0,0,32,11
0,0,0,0,0,0,0,0,0,0,0,0,32,11
0,0,0,0,0,0,0,0,0,0,0,0,32,11
0,0,0,0,0,0,0,0,0,0,0,0,32,11
0,0,0,0,0,0,0,0,0,0,0,0,32,11
0,0,0,0,0,0,0,0,0,0,0,0,32,11
0,0,0,0,0,0,0,0,0,0,0,0,32,11
0,0,0,0,0,0,0,0,0,0,0,0,32,11
0,0,0,0,0,0,0,0,0,0,0,0,32,11
0,0,0,0,0,0,0,0,0,0,0,0,32,11
0,0,0,0,0,0,0,0,0,0,0,0,32,11
0,0,0,0,0,0,0,0,0,0,0,0,32,11
0,0,0,0,0,0,0,0,0,0,0,0,32,11
0,0,0,0,0,0,0,0,0,0,0,0,32,11
0,0,0,0,0,0,0,0,0,0,0,0,32,11
0,0,0,0,0,0,0,0,0,0,0,0,32,11
0,0,0,0,0,0,0,0,0,0,0,0,32,11
0,0,0,0,0,0,0,0,0,0,0,0,32,11
0,0,0,0,0,0,0,0,0,0,0,0,32,11
0,0,0,0,0,0,0,0,0,0,0,0,32,11
0,0,0,0,0,0,0,0,0,0,0,0,32,11
0,0,0,0,0,0,0,0,0,0,0,0,32,11
0,0,0,0,0,0,0,0,0,0,0,0,32,11
0,0,0,0,0,0,0,0,0,0,0,0,32,11
0,0,0,0,0,0,0,0,0,0,0,0,32,11
0,0,0,0,0,0,0,0,0,0,0,0,32,11
0,0,1,0,0,0,0,0,0,0,1,0,89,11
0,1,0,0,0,0,0,0,1,0,0,0,111,11
0,0,1,0,0,0,1,0,0,0,0,0,117,11
0,0,0,0,0,0,0,0,0,0,0,0,32,11
1,0,0,1,0,0,0,0,0,0,0,0,97,11
0,1,0,0,0,0,0,0,0,0,0,1,114,11
1,0,0,0,0,0,0,1,0,0,0,0,101,11
0,0,0,0,0,0,0,0,0,0,0,0,32,11
0,1,0,0,0,0,0,1,0,0,0,0,78,11
0,0,1,0,0,0,1,0,0,0,0,0,117,11
0,1,0,0,0,0,1,0,0,0,0,0,109,11
1,0,0,0,1,0,0,0,0,0,0,0,98,11
1,0,0,0,0,0,0,1,0,0,0,0,101,11
0,1,0,0,0,0,0,0,0,0,0,1,114,11
0,0,0,0,0,0,0,0,0,0,0,0,32,11
0,0,1,0,1,0,0,0,0,0,0,0,83,11
1,0,0,0,0,0,0,0,0,0,0,1,105,11
0,0,1,0,0,0,0,0,0,1,0,0,120,11
1,0,0,0,0,1,0,0,0,0,1,0,46,11
1,0,0,0,0,0,0,0,0,0,0,1,73,12
0,0,0,0,0,0,0,0,0,0,0,0,32,12
1,0,0,1,0,0,0,0,0,0,0,0,97,12
0,1,0,0,0,0,1,0,0,0,0,0,109,12
0,0,0,0,0,0,0,0,0,0,0,0,32,12
0,1,0,0,0,0,0,1,0,0,0,0,110,12
0,1,0,0,0,0,0,0,1,0,0,0,111,12
0,0,1,0,0,1,0,0,0,0,0,0,116,12
0,0,0,0,0,0,0,0,0,0,0,0,32,12
1,0,0,1,0,0,0,0,0,0,0,0,97,12
0,0,0,0,0,0,0,0,0,0,0,0,32,12
0,1,0,0,0,0,0,1,0,0,0,0,110,12
0,0,1,0,0,0,1,0,0,0,0,0,117,12
0,1,0,0,0,0,1,0,0,0,0,0,109,12
1,0,0,0,1,0,0,0,0,0,0,0,98,12
1,0,0,0,0,0,0,1,0,0,0,0,101,12
0,1,0,0,0,0,0,0,0,0,0,1,114,12
0,1,0,0,1,0,0,0,0,0,1,0,33,12
0,0,0,0,0,0,0,0,0,0,0,0,32,12
1,0,0,0,0,0,0,0,0,0,0,1,73,12
0,0,0,0,0,0,0,0,0,0,0,0,32,12
1,0,0,1,0,0,0,0,0,0,0,0,97,12
0,1,0,0,0,0,1,0,0,0,0,0,109,12
0,0,0,0,0,0,0,0,0,0,0,0,32,12
1,0,0,1,0,0,0,0,0,0,0,0,97,12
0,0,0,0,0,0,0,0,0,0,0,0,32,12
1,0,0,0,0,0,0,0,1,0,0,0,102,12
0,1,0,0,0,0,0,0,0,0,0,1,114,12
1,0,0,0,0,0,0,1,0,0,0,0,101,12
1,0,0,0,0,0,0,1,0,0,0,0,101,12
0,0,0,0,0,0,0,0,0,0,0,0,32,12
0,1,0,0,0,0,1,0,0,0,0,0,109,12
1,0,0,1,0,0,0,0,0,0,0,0,97,12
0,1,0,0,0,0,0,1,0,0,0,0,110,12
0,1,0,0,1,0,0,0,0,0,1,0,33,12
0,0,0,0,0,0,0,0,0,0,0,0,0,12
0,0,0,0,0,0,0,0,0,0,0,0,0,12
0,0,0,0,0,0,0,0,0,0,0,0,0,12
0,0,0,0,0,0,0,0,0,0,0,0,0,12
0,0,0,0,0,0,0,0,0,0,0,0,0,12
0,0,0,0,0,0,0,0,0,0,0,0,0,12
0,0,0,0,0,0,0,0,0,0,0,0,0,12
0,0,0,0,0,0,0,0,0,0,0,0,0,12
0,0,0,0,0,0,0,0,0,0,0,0,0,12
0,0,0,0,0,0,0,0,0,0,0,0,0,12
0,0,0,0,0,0,0,0,0,0,0,0,0,12
0,0,0,0,0,0,0,0,0,0,0,0,0,12
0,0,0,0,0,0,0,0,0,0,0,0,0,12
0,0,0,0,0,0,0,0,0,0,0,0,0,12
0,0,0,0,0,0,0,0,0,0,0,0,0,12
0,0,0,0,0,0,0,0,0,0,0,0,0,12
0,0,0,0,0,0,0,0,0,0,0,0,0,12
0,0,0,0,0,0,0,0,0,0,0,0,0,12
0,0,0,0,0,0,0,0,0,0,0,0,0,12
0,0,0,0,0,0,0,0,0,0,0,0,0,12
0,0,0,0,0,0,0,0,0,0,0,0,0,12
0,0,0,0,0,0,0,0,0,0,0,0,0,12
0,0,0,0,0,0,0,0,0,0,0,0,0,12
0,0,0,0,0,0,0,0,0,0,0,0,0,12
0,0,0,0,0,0,0,0,0,0,0,0,0,12
0,0,0,0,0,0,0,0,0,0,0,0,0,12
0,0,0,0,0,0,0,0,0,0,0,0,0,12
0,0,0,0,0,0,0,0,0,0,0,0,0,12
0,0,0,0,0,0,0,0,0,0,0,0,0,12
0,0,0,0,0,0,0,0,0,0,0,0,0,12
0,0,0,0,0,0,0,0,0,0,0,0,0,12
0,0,0,0,0,0,0,0,0,0,0,0,0,12
0,0,0,0,0,0,0,0,0,0,0,0,0,12
0,0,0,0,0,0,0,0,0,0,0,0,0,12
0,0,0,0,0,0,0,0,0,0,0,0,0,12
0,0,0,0,0,0,0,0,0,0,0,0,0,12
0,0,0,0,0,0,0,0,0,0,0,0,0,12
0,0,0,0,0,0,0,0,0,0,0,0,0,12
0,0,0,0,0,0,0,0,0,0,0,0,0,12
0,0,0,0,0,0,0,0,0,0,0,0,0,12
0,0,0,0,0,0,0,0,0,0,0,0,0,12
0,0,0,0,0,0,0,0,0,0,0,0,0,12
0,0,0,0,0,0,0,0,0,0,0,0,0,12
0,0,0,0,0,0,0,0,0,0,0,0,0,12
0,0,0,0,0,0,0,0,0,0,0,0,0,12
0,0,0,0,0,0,0,0,0,0,0,0,32,13
0,0,0,0,0,0,0,0,0,0,0,0,32,13
0,0,0,0,0,0,0,0,0,0,0,0,32,13
0,0,0,0,0,0,0,0,0,0,0,0,32,13
0,0,0,0,0,0,0,0,0,0,0,0,32,13
0,0,0,0,0,0,0,0,0,0,0,0,32,13
0,0,0,0,0,0,0,0,0,0,0,0,32,13
0,0,0,0,0,0,0,0,0,0,0,0,32,13
0,0,0,0,0,0,0,0,0,0,0,0,32,13
0,0,0,0,0,0,0,0,0,0,0,0,32,13
0,0,0,0,0,0,0,0,0,0,0,0,32,13
0,0,0,0,0,0,0,0,0,0,0,0,32,13
0,0,0,0,0,0,0,0,0,0,0,0,32,13
0,0,0,0,0,0,0,0,0,0,0,0,32,13
0,0,0,0,0,0,0,0,0,0,0,0,32,13
0,0,0,0,0,0,0,0,0,0,0,0,32,13
0,0,0,0,0,0,0,0,0,0,0,0,32,13
0,0,0,0,0,0,0,0,0,0,0,0,32,13
0,0,0,0,0,0,0,0,0,0,0,0,32,13
0,0,0,0,0,0,0,0,0,0,0,0,32,13
0,0,0,0,0,0,0,0,0,0,0,0,32,13
0,0,0,0,0,0,0,0,0,0,0,0,32,13
0,0,0,0,0,0,0,0,0,0,0,0,32,13
0,0,0,0,0,0,0,0,0,0,0,0,32,13
0,0,0,0,0,0,0,0,0,0,0,0,32,13
0,0,0,0,0,0,0,0,0,0,0,0,32,13
0,0,0,0,0,0,0,0,0,0,0,0,32,13
0,0,0,0,0,0,0,0,0,0,0,0,32,13
0,0,0,0,0,0,0,0,0,0,0,0,32,13
0,0,0,0,0,0,0,0,0,0,0,0,32,13
0,0,0,0,0,0,0,0,0,0,0,0,32,13
0,0,0,0,0,0,0,0,0,0,0,0,32,13
0,0,0,0,0,0,0,0,0,0,0,0,32,13
0,0,0,0,0,0,0,0,0,0,0,0,32,13
0,0,0,0,0,0,0,0,0,0,0,0,32,13
0,0,0,0,0,0,0,0,0,0,0,0,32,13
0,0,0,0,0,0,0,0,0,0,0,0,32,13
0,0,0,0,0,0,0,0,0,0,0,0,32,13
0,0,0,0,0,0,0,0,0,0,0,0,32,13
0,0,0,0,0,0,0,0,0,0,0,0,32,13
0,0,0,0,0,0,0,0,0,0,0,0,32,13
0,0,0,0,0,0,0,0,0,0,0,0,32,13
0,0,0,0,0,0,0,0,0,0,0,0,32,13
0,0,0,0,0,0,0,0,0,0,0,0,32,13
0,0,0,0,0,0,0,0,0,0,0,0,32,13
0,0,0,0,0,0,0,0,0,0,0,0,32,13
0,0,0,0,0,0,0,0,0,0,0,0,32,13
0,0,0,0,0,0,0,0,0,0,0,0,32,13
0,0,0,0,0,0,0,0,0,0,0,0,32,13
0,0,0,0,0,0,0,0,0,0,0,0,32,13
0,0,0,0,0,0,0,0,0,0,0,0,32,13
0,0,0,0,0,0,0,0,0,0,0,0,32,13
0,0,0,0,0,0,0,0,0,0,0,0,32,13
0,0,0,0,0,0,0,0,0,0,0,0,32,13
0,0,0,0,0,0,0,0,0,0,0,0,32,13
0,0,0,0,0,0,0,0,0,0,0,0,32,13
0,0,0,0,0,0,0,0,0,0,0,0,32,13
0,0,0,0,0,0,0,0,0,0,0,0,32,13
0,0,0,0,0,0,0,0,0,0,0,0,32,13
0,0,0,0,0,0,0,0,0,0,0,0,32,13
0,0,0,0,0,0,0,0,0,0,0,0,32,13
0,0,0,0,0,0,0,0,0,0,0,0,32,13
0,0,0,0,0,0,0,0,0,0,0,0,32,13
0,0,0,0,0,0,0,0,0,0,0,0,32,13
0,0,0,0,0,0,0,0,0,0,0,0,32,13
0,0,0,0,0,0,0,0,0,0,0,0,32,13
0,0,0,0,0,0,0,0,0,0,0,0,32,13
0,0,0,0,0,0,0,0,0,0,0,0,32,13
0,0,0,0,0,0,0,0,0,0,0,0,32,13
0,0,0,0,0,0,0,0,0,0,0,0,32,13
1,0,0,0,1,0,0,0,0,0,1,0,91,13
0,1,0,0,0,1,0,0,0,0,0,0,76,13
1,0,0,1,0,0,0,0,0,0,0,0,97,13
0,0,1,0,0,0,1,0,0,0,0,0,117,13
1,0,0,0,0,0,0,0,0,1,0,0,103,13
1,0,0,0,0,0,0,0,0,0,1,0,104,13
0,0,1,0,0,1,0,0,0,0,0,0,116,13
1,0,0,0,0,0,0,1,0,0,0,0,101,13
0,1,0,0,0,0,0,0,0,0,0,1,114,13
0,0,1,0,1,0,0,0,0,0,1,0,93,13
